Area_Code,Area,Region_Code,Region,Valid_Votes,Remain,Leave,Pct_Remain,Pct_Leave,Leave? (derived cell),Urban / Rural,% degree educated and higher,% 18+ in FTE,% non-British,% identifying as white,% identifying as non-white (derived cell),Median Age,% Unemployed,GVA 2015,,,,
E06000001,Hartlepool,E12000001,North East,46100,14029,32071,30.43,69.57,Leave,Predominantly Urban,17.6,3.2,2.17%,97.6,2.4,41.8,4.7,15777,,Rural local authorities,Leave,77
E06000002,Middlesbrough,E12000001,North East,61358,21181,40177,34.52,65.48,Leave,Predominantly Urban,18.5,7.6,7.19%,88.1,11.9,36.4,4.7,18540,,,Remain,14
E06000003,Redcar and Cleveland,E12000001,North East,72714,24586,48128,33.81,66.19,Leave,Urban with Significant Rural,18.9,3.0,0.75%,98.5,1.5,44.7,3.8,15188,,Mixed local authorities,Leave,43
E06000004,Stockton-on-Tees,E12000001,North East,100415,38433,61982,38.27,61.73,Leave,Predominantly Urban,22.8,4.4,3.13%,94.5,5.5,40.3,3.1,20257,,,Remain,11
E06000005,Darlington,E12000001,North East,55166,24172,30994,43.82,56.18,Leave,Predominantly Urban,23.7,2.6,5.77%,95.9,4.1,42.7,3.1,24585,,Urban local authorities,Leave,126
E06000006,Halton,E12000002,North West,65005,27678,37327,42.58,57.42,Leave,Predominantly Urban,17.6,3.3,3.17%,97.8,2.2,40.9,2.7,26717,,,Remain,55
E06000007,Warrington,E12000002,North West,115144,52657,62487,45.73,54.27,Leave,Predominantly Urban,27.4,3.2,7.32%,95.9,4.1,41.7,1.8,31318,,,,
E06000008,Blackburn with Darwen,E12000002,North West,65321,28522,36799,43.66,56.34,Leave,Predominantly Urban,19.8,4.7,8.28%,69.1,30.9,36.2,3.0,18565,,,,
E06000009,Blackpool,E12000002,North West,66927,21781,45146,32.54,67.46,Leave,Predominantly Urban,15.5,3.3,5.15%,96.5,3.5,43.7,3.8,15372,,,,
E06000010,"Kingston upon Hull, City of",E12000003,Yorkshire and The Humber,113355,36709,76646,32.38,67.62,Leave,Predominantly Urban,15.2,7.0,9.38%,94,6,35.7,3.9,19803,,,,
E06000011,East Riding of Yorkshire,E12000003,Yorkshire and The Humber,198915,78779,120136,39.6,60.4,Leave,Predominantly Rural,25.9,3.0,2.41%,98,2,48.0,1.3,17790,,,,
E06000012,North East Lincolnshire,E12000003,Yorkshire and The Humber,78982,23797,55185,30.13,69.87,Leave,Predominantly Urban,16.2,3.2,3.16%,97.4,2.6,42.3,3.4,20476,,,,
E06000013,North Lincolnshire,E12000003,Yorkshire and The Humber,88862,29947,58915,33.7,66.3,Leave,Urban with Significant Rural,19.5,2.7,5.36%,95.9,4.1,43.8,2.4,20112,,,,
E06000014,York,E12000003,Yorkshire and The Humber,109600,63617,45983,58.04,41.96,Remain,Predominantly Urban,32.4,11.4,5.85%,94.1,5.9,37.8,0.6,24499,,,,
E06000015,Derby,E12000004,East Midlands,120655,51612,69043,42.78,57.22,Leave,Predominantly Urban,24.2,6.5,11.07%,80.2,19.8,36.6,1.6,27266,,,,
E06000016,Leicester,E12000004,East Midlands,138972,70980,67992,51.08,48.92,Remain,Predominantly Urban,21.2,12.4,19.65%,50.4,49.6,31.9,2.0,21812,,,,
E06000017,Rutland,E12000004,East Midlands,22966,11353,11613,49.43,50.57,Leave,Predominantly Rural,32.9,2.5,5.71%,97,3,46.3,0.6,21135,,,,
E06000018,Nottingham,E12000004,East Midlands,120661,59318,61343,49.16,50.84,Leave,Predominantly Urban,21.9,18.4,16.51%,71.4,28.6,30.0,3.2,27645,,,,
E06000019,"Herefordshire, County of",E12000005,West Midlands,108270,44148,64122,40.78,59.22,Leave,Predominantly Rural,27.5,2.5,7.03%,98,2,46.5,1.0,20643,,,,
E06000020,Telford and Wrekin,E12000005,West Midlands,89603,32954,56649,36.78,63.22,Leave,Predominantly Urban,20.9,4.1,5.88%,92.6,7.4,39.4,1.5,21226,,,,
E06000021,Stoke-on-Trent,E12000005,West Midlands,117590,36027,81563,30.64,69.36,Leave,Predominantly Urban,15.5,5.6,8.40%,88.6,11.4,37.9,2.1,18926,,,,
E06000022,Bath and North East Somerset,E12000009,South West,105230,60878,44352,57.85,42.15,Remain,Urban with Significant Rural,33.4,10.9,6.04%,94.5,5.5,38.9,1.0,24746,,,,
E06000023,"Bristol, City of",E12000009,South West,228445,141027,87418,61.73,38.27,Remain,Predominantly Urban,32.8,10.2,10.29%,83.9,16.1,32.9,1.7,30850,,,,
E06000024,North Somerset,E12000009,South West,124548,59572,64976,47.83,52.17,Leave,Urban with Significant Rural,28.4,2.6,4.83%,97.2,2.8,45.5,1.0,22263,,,,
E06000025,South Gloucestershire,E12000009,South West,158333,74928,83405,47.32,52.68,Leave,Predominantly Urban,26.7,3.9,4.76%,94.9,5.1,41.1,0.9,31581,,,,
E06000026,Plymouth,E12000009,South West,133455,53458,79997,40.06,59.94,Leave,Predominantly Urban,21.5,9.2,6.15%,96.1,3.9,37.9,2.2,19762,,,,
E06000027,Torbay,E12000009,South West,75824,27935,47889,36.84,63.16,Leave,Predominantly Urban,20.6,2.4,3.85%,97.5,2.5,48.0,1.9,15599,,,,
E06000028,Bournemouth,E12000009,South West,91926,41473,50453,45.12,54.88,Leave,Predominantly Urban,26.4,9.7,14.51%,91.9,8.1,37.9,1.4,21876,,,,
E06000029,Poole,E12000009,South West,85448,35741,49707,41.83,58.17,Leave,Predominantly Urban,25.5,3.2,6.04%,95.7,4.3,43.9,1.1,26256,,,,
E06000030,Swindon,E12000009,South West,112965,51220,61745,45.34,54.66,Leave,Predominantly Urban,22.7,2.7,12.44%,89.8,10.2,39.6,1.3,30771,,,,
E06000031,Peterborough,E12000006,East,87392,34176,53216,39.11,60.89,Leave,Predominantly Urban,20.2,3.0,19.17%,82.2,17.8,36.1,1.5,27745,,,,
E06000032,Luton,E12000006,East,84481,36708,47773,43.45,56.55,Leave,Predominantly Urban,22.3,8.6,21.86%,54.6,45.4,33.4,1.9,22766,,,,
E06000033,Southend-on-Sea,E12000006,East,93870,39348,54522,41.92,58.08,Leave,Predominantly Urban,21.8,3.0,7.30%,91.5,8.5,41.5,1.9,17524,,,,
E06000034,Thurrock,E12000006,East,79916,22151,57765,27.72,72.28,Leave,Predominantly Urban,17.4,2.8,12.12%,85.7,14.3,37.0,2.0,19798,,,,
E06000035,Medway,E12000008,South East,138886,49889,88997,35.92,64.08,Leave,Predominantly Urban,19.1,4.7,6.91%,89.4,10.6,37.7,2.0,17338,,,,
E06000036,Bracknell Forest,E12000008,South East,64890,29888,35002,46.06,53.94,Leave,Predominantly Urban,30.3,2.7,8.55%,90.5,9.5,38.7,0.8,32088,,,,
E06000037,West Berkshire,E12000008,South East,93277,48300,44977,51.78,48.22,Remain,Urban with Significant Rural,32.1,2.1,6.54%,94.7,5.3,42.7,0.6,45736,,,,
E06000038,Reading,E12000008,South East,74767,43385,31382,58.03,41.97,Remain,Predominantly Urban,34.8,9.6,17.39%,74.7,25.3,34.1,1.3,41295,,,,
E06000039,Slough,E12000008,South East,54542,24911,29631,45.67,54.33,Leave,Predominantly Urban,25.8,5.8,24.66%,45.5,54.5,34.0,1.4,44792,,,,
E06000040,Windsor and Maidenhead,E12000008,South East,81792,44086,37706,53.9,46.1,Remain,Predominantly Urban,38.4,2.8,12.41%,86,14,41.7,0.7,39610,,,,
E06000041,Wokingham,E12000008,South East,97501,55272,42229,56.69,43.31,Remain,Predominantly Urban,40.0,3.2,5.03%,88.2,11.8,41.6,0.6,36367,,,,
E06000042,Milton Keynes,E12000008,South East,130456,63393,67063,48.59,51.41,Leave,Predominantly Urban,28.2,3.5,11.83%,80,20,37.0,1.5,41582,,,,
E06000043,Brighton and Hove,E12000008,South East,146675,100648,46027,68.62,31.38,Remain,Predominantly Urban,36.9,11.9,10.95%,89,11,35.5,1.4,24989,,,,
E06000044,Portsmouth,E12000008,South East,98720,41384,57336,41.92,58.08,Leave,Predominantly Urban,23.7,12.7,8.57%,88.3,11.7,33.8,1.4,25236,,,,
E06000045,Southampton,E12000008,South East,107665,49738,57927,46.2,53.8,Leave,Predominantly Urban,24.6,14.4,17.34%,85.8,14.2,32.3,1.5,23535,,,,
E06000046,Isle of Wight,E12000008,South East,79380,30207,49173,38.05,61.95,Leave,Predominantly Rural,22.6,2.2,2.96%,97.2,2.8,49.1,1.7,17739,,,,
E06000047,County Durham,E12000001,North East,267398,113521,153877,42.45,57.55,Leave,Predominantly Rural,21.5,5.4,2.14%,98.1,1.9,43.4,2.2,15475,,,,
E06000049,Cheshire East,E12000002,North West,221125,107962,113163,48.82,51.18,Leave,Urban with Significant Rural,32.0,3.4,4.30%,96.6,3.4,45.6,1.1,32314,,,,
E06000050,Cheshire West and Chester,E12000002,North West,193537,95455,98082,49.32,50.68,Leave,Urban with Significant Rural,29.4,4.2,4.55%,97.3,2.7,44.1,1.4,26851,,,,
E06000051,Shropshire,E12000005,West Midlands,183153,78987,104166,43.13,56.87,Leave,Predominantly Rural,27.5,2.6,3.29%,97.9,2.1,46.7,1.0,19299,,,,
E06000052,Cornwall,E12000009,South West,323205,140540,182665,43.48,56.52,Leave,Predominantly Rural,25.0,3.6,3.11%,98.1,1.9,46.7,1.3,17928,,,,
E06000053,Isles of Scilly,E12000009,South West,1424,803,621,56.39,43.61,Remain,Predominantly Rural,33.0,0.8,,98.8,1.2,47.9,,26601,,,,
E06000054,Wiltshire,E12000009,South West,288895,137258,151637,47.51,52.49,Leave,Predominantly Rural,29.5,2.2,4.84%,96.4,3.6,44.2,0.8,21864,,,,
E06000055,Bedford,E12000006,East,86066,41497,44569,48.22,51.78,Leave,Urban with Significant Rural,28.1,5.0,9.70%,80.5,19.5,39.9,2.1,23109,,,,
E06000056,Central Bedfordshire,E12000006,East,158804,69670,89134,43.87,56.13,Leave,Predominantly Rural,27.3,3.3,5.84%,93.7,6.3,41.1,0.8,19495,,,,
E06000057,Northumberland,E12000001,North East,178721,82022,96699,45.89,54.11,Leave,Predominantly Rural,25.6,2.4,1.29%,98.4,1.6,47.4,2.3,15951,,,,
E07000004,Aylesbury Vale,E12000008,South East,106833,52877,53956,49.5,50.5,Leave,Predominantly Rural,32.0,3.0,6.45%,89.6,10.4,40.4,0.7,24603,,,,
E07000005,Chiltern,E12000008,South East,58604,32241,26363,55.02,44.98,Remain,Urban with Significant Rural,41.0,2.5,9.57%,91.4,8.6,44.9,0.6,27166,,,,
E07000006,South Bucks,E12000008,South East,40724,20077,20647,49.3,50.7,Leave,Urban with Significant Rural,36.9,3.0,11.76%,83.9,16.1,44.6,0.6,36326,,,,
E07000007,Wycombe,E12000008,South East,94790,49261,45529,51.97,48.03,Remain,Urban with Significant Rural,33.6,4.7,7.47%,81.2,18.8,40.4,1.0,31297,,,,
E07000008,Cambridge,E12000006,East,57799,42682,15117,73.85,26.15,Remain,Predominantly Urban,47.3,23.1,20.93%,82.4,17.6,31.3,0.7,45204,,,,
E07000009,East Cambridgeshire,E12000006,East,48086,23599,24487,49.08,50.92,Leave,Predominantly Rural,29.0,2.0,3.45%,96,4,42.6,0.5,22000,,,,
E07000010,Fenland,E12000006,East,52626,15055,37571,28.61,71.39,Leave,Predominantly Rural,14.9,1.9,7.14%,96.7,3.3,44.5,1.1,22434,,,,
E07000011,Huntingdonshire,E12000006,East,99927,45729,54198,45.76,54.24,Leave,Predominantly Rural,27.9,2.4,7.51%,94.7,5.3,42.9,0.6,25239,,,,
E07000012,South Cambridgeshire,E12000006,East,93189,56128,37061,60.23,39.77,Remain,Predominantly Rural,40.1,3.0,9.74%,93,7,42.4,0.5,28108,,,,
E07000026,Allerdale,E12000002,North West,54238,22429,31809,41.35,58.65,Leave,Predominantly Rural,22.8,1.9,1.05%,98.9,1.1,47.2,1.9,19013,,,,
E07000027,Barrow-in-Furness,E12000002,North West,36074,14207,21867,39.38,60.62,Leave,Urban with Significant Rural,19.0,2.1,2.99%,98.3,1.7,44.7,2.8,23715,,,,
E07000028,Carlisle,E12000002,North West,59683,23788,35895,39.86,60.14,Leave,Urban with Significant Rural,22.2,3.7,4.67%,97.9,2.1,44.1,1.5,22221,,,,
E07000029,Copeland,E12000002,North West,37947,14419,23528,38,62,Leave,Predominantly Rural,21.0,1.7,0.00%,98.4,1.6,46.0,2.1,24500,,,,
E07000030,Eden,E12000002,North West,31718,14807,16911,46.68,53.32,Leave,Predominantly Rural,27.4,2.5,0.00%,98.9,1.1,49.3,0.7,22629,,,,
E07000031,South Lakeland,E12000002,North West,65331,34531,30800,52.86,47.14,Remain,Predominantly Rural,33.4,2.1,3.00%,98.3,1.7,50.3,0.6,23795,,,,
E07000032,Amber Valley,E12000004,East Midlands,73820,29319,44501,39.72,60.28,Leave,Predominantly Urban,23.2,2.3,0.81%,98.1,1.9,45.5,1.3,20486,,,,
E07000033,Bolsover,E12000004,East Midlands,41972,12242,29730,29.17,70.83,Leave,Urban with Significant Rural,15.8,2.4,2.60%,98,2,43.7,1.5,19601,,,,
E07000034,Chesterfield,E12000004,East Midlands,57424,22946,34478,39.96,60.04,Leave,Predominantly Urban,21.0,2.5,0.97%,96.5,3.5,44.1,1.7,20591,,,,
E07000035,Derbyshire Dales,E12000004,East Midlands,46728,22633,24095,48.44,51.56,Leave,Predominantly Rural,33.4,2.1,2.86%,98.6,1.4,49.9,0.5,22401,,,,
E07000036,Erewash,E12000004,East Midlands,66530,25791,40739,38.77,61.23,Leave,Predominantly Urban,20.7,2.5,2.63%,97,3,43.4,1.7,15983,,,,
E07000037,High Peak,E12000004,East Midlands,54833,27116,27717,49.45,50.55,Leave,Predominantly Rural,29.4,3.4,1.10%,97.9,2.1,45.2,1.0,17562,,,,
E07000038,North East Derbyshire,E12000004,East Midlands,59310,22075,37235,37.22,62.78,Leave,Predominantly Urban,22.2,2.4,2.02%,98,2,47.1,1.3,14926,,,,
E07000039,South Derbyshire,E12000004,East Midlands,56695,22479,34216,39.65,60.35,Leave,Urban with Significant Rural,26.0,2.7,2.04%,95.6,4.4,42.3,0.6,16546,,,,
E07000040,East Devon,E12000009,South West,88783,40743,48040,45.89,54.11,Leave,Predominantly Rural,29.1,1.8,0.74%,98.3,1.7,50.5,0.8,17016,,,,
E07000041,Exeter,E12000009,South West,63803,35270,28533,55.28,44.72,Remain,Predominantly Urban,28.6,14.4,12.00%,93,7,33.8,0.9,32090,,,,
E07000042,Mid Devon,E12000009,South West,48006,22400,25606,46.66,53.34,Leave,Predominantly Rural,26.4,1.9,3.80%,98.5,1.5,46.1,0.9,16393,,,,
E07000043,North Devon,E12000009,South West,58031,24931,33100,42.96,57.04,Leave,Predominantly Rural,22.9,2.2,1.09%,97.9,2.1,47.1,0.9,21033,,,,
E07000044,South Hams,E12000009,South West,55450,29308,26142,52.85,47.15,Remain,Predominantly Rural,34.3,2.3,2.41%,98.3,1.7,50.6,0.7,22398,,,,
E07000045,Teignbridge,E12000009,South West,82312,37949,44363,46.1,53.9,Leave,Predominantly Rural,28.0,2.1,2.38%,98.2,1.8,48.6,0.8,17925,,,,
E07000046,Torridge,E12000009,South West,41429,16229,25200,39.17,60.83,Leave,Predominantly Rural,21.7,1.7,0.00%,98.6,1.4,49.4,1.4,15363,,,,
E07000047,West Devon,E12000009,South West,35595,16658,18937,46.8,53.2,Leave,Predominantly Rural,30.0,2.1,5.66%,98.4,1.6,50.2,0.7,16747,,,,
E07000048,Christchurch,E12000009,South West,31050,12782,18268,41.17,58.83,Leave,Predominantly Urban,25.1,2.2,0.00%,97.5,2.5,50.6,0.9,22029,,,,
E07000049,East Dorset,E12000009,South West,58488,24786,33702,42.38,57.62,Leave,Urban with Significant Rural,27.7,2.0,2.27%,98.1,1.9,51.7,0.6,20446,,,,
E07000050,North Dorset,E12000009,South West,42201,18399,23802,43.6,56.4,Leave,Predominantly Rural,26.9,1.9,7.35%,97.5,2.5,47.0,0.5,18483,,,,
E07000051,Purbeck,E12000009,South West,28720,11754,16966,40.93,59.07,Leave,Predominantly Rural,25.7,1.8,0.00%,98.4,1.6,49.2,0.6,21437,,,,
E07000052,West Dorset,E12000009,South West,65191,31924,33267,48.97,51.03,Leave,Predominantly Rural,30.8,1.9,6.12%,97.9,2.1,51.5,0.5,24114,,,,
E07000053,Weymouth and Portland,E12000009,South West,38255,14903,23352,38.96,61.04,Leave,Predominantly Urban,22.5,2.3,3.17%,97.3,2.7,47.4,1.4,14311,,,,
E07000061,Eastbourne,E12000008,South East,53545,22845,30700,42.67,57.33,Leave,Predominantly Urban,24.4,4.8,14.85%,94,6,44.9,1.7,18242,,,,
E07000062,Hastings,E12000008,South East,44350,20011,24339,45.12,54.88,Leave,Predominantly Urban,21.2,3.2,1.11%,93.6,6.4,42.5,2.4,17763,,,,
E07000063,Lewes,E12000008,South East,59482,30974,28508,52.07,47.93,Remain,Urban with Significant Rural,29.4,2.7,4.00%,96.5,3.5,47.3,1.0,19361,,,,
E07000064,Rother,E12000008,South East,57669,23916,33753,41.47,58.53,Leave,Predominantly Rural,25.5,2.2,6.59%,96.9,3.1,52.3,1.1,18095,,,,
E07000065,Wealden,E12000008,South East,96892,44084,52808,45.5,54.5,Leave,Predominantly Rural,28.9,2.3,3.25%,97.2,2.8,48.3,0.6,18096,,,,
E07000066,Basildon,E12000006,East,97999,30748,67251,31.38,68.62,Leave,Predominantly Urban,18.6,2.3,4.97%,92.2,7.8,39.5,1.8,24660,,,,
E07000067,Braintree,E12000006,East,86236,33523,52713,38.87,61.13,Leave,Predominantly Rural,22.2,2.1,2.68%,96.5,3.5,43.0,1.1,20425,,,,
E07000068,Brentwood,E12000006,East,46704,19077,27627,40.85,59.15,Leave,Urban with Significant Rural,30.7,2.6,6.58%,93.4,6.6,43.3,0.7,29451,,,,
E07000069,Castle Point,E12000006,East,51845,14154,37691,27.3,72.7,Leave,Predominantly Urban,14.6,1.9,0.00%,96.9,3.1,46.7,1.3,14523,,,,
E07000070,Chelmsford,E12000006,East,100794,47545,53249,47.17,52.83,Leave,Predominantly Urban,28.8,3.3,4.07%,93.7,6.3,41.6,1.1,25148,,,,
E07000071,Colchester,E12000006,East,95719,44414,51305,46.4,53.6,Leave,Urban with Significant Rural,27.2,7.6,7.18%,92,8,38.2,1.3,21520,,,,
E07000072,Epping Forest,E12000006,East,76852,28676,48176,37.31,62.69,Leave,Urban with Significant Rural,25.3,3.2,9.45%,90.4,9.6,42.6,1.1,24109,,,,
E07000073,Harlow,E12000006,East,43469,13867,29602,31.9,68.1,Leave,Predominantly Urban,17.6,2.9,9.41%,88.9,11.1,37.4,1.8,22687,,,,
E07000074,Maldon,E12000006,East,38831,14529,24302,37.42,62.58,Leave,Predominantly Rural,23.6,1.9,3.23%,97.7,2.3,48.1,0.9,19319,,,,
E07000075,Rochford,E12000006,East,52447,17510,34937,33.39,66.61,Leave,Predominantly Urban,20.0,2.0,1.18%,97.1,2.9,45.8,0.8,16718,,,,
E07000076,Tendring,E12000006,East,82657,25210,57447,30.5,69.5,Leave,Predominantly Rural,15.9,2.0,2.88%,97.5,2.5,50.2,2.7,15308,,,,
E07000077,Uttlesford,E12000006,East,51943,25619,26324,49.32,50.68,Leave,Predominantly Rural,31.9,2.4,7.06%,96.5,3.5,43.9,0.5,28247,,,,
E07000078,Cheltenham,E12000009,South West,66013,37081,28932,56.17,43.83,Remain,Predominantly Urban,36.2,7.0,8.70%,94.2,5.8,39.6,1.1,27757,,,,
E07000079,Cotswold,E12000009,South West,54821,28015,26806,51.1,48.9,Remain,Predominantly Rural,33.7,3.2,5.95%,97.7,2.3,48.5,0.6,29214,,,,
E07000080,Forest of Dean,E12000009,South West,51643,21392,30251,41.42,58.58,Leave,Predominantly Rural,24.0,2.9,2.44%,98.4,1.6,47.5,1.3,16859,,,,
E07000081,Gloucester,E12000009,South West,64577,26801,37776,41.5,58.5,Leave,Predominantly Urban,22.2,3.9,9.52%,89,11,38.5,1.7,26912,,,,
E07000082,Stroud,E12000009,South West,74064,40446,33618,54.61,45.39,Remain,Urban with Significant Rural,32.9,2.4,1.74%,97.9,2.1,45.8,0.7,23609,,,,
E07000083,Tewkesbury,E12000009,South West,53652,25084,28568,46.75,53.25,Leave,Predominantly Rural,30.2,2.1,3.49%,97.1,2.9,45.0,0.9,30346,,,,
E07000084,Basingstoke and Deane,E12000008,South East,100328,48257,52071,48.1,51.9,Leave,Urban with Significant Rural,30.5,2.3,7.47%,92.8,7.2,40.8,0.8,29734,,,,
E07000085,East Hampshire,E12000008,South East,73922,37346,36576,50.52,49.48,Remain,Predominantly Rural,33.9,2.6,3.45%,96.3,3.7,46.5,0.6,23415,,,,
E07000086,Eastleigh,E12000008,South East,76074,36172,39902,47.55,52.45,Leave,Predominantly Urban,27.9,2.7,2.33%,94.5,5.5,42.1,0.7,27860,,,,
E07000087,Fareham,E12000008,South East,71735,32210,39525,44.9,55.1,Leave,Predominantly Urban,29.8,2.8,0.88%,96.7,3.3,45.8,0.6,23880,,,,
E07000088,Gosport,E12000008,South East,46127,16671,29456,36.14,63.86,Leave,Predominantly Urban,21.5,2.7,4.76%,96.4,3.6,41.7,1.0,13620,,,,
E07000089,Hart,E12000008,South East,57795,30282,27513,52.4,47.6,Remain,Urban with Significant Rural,37.5,2.3,6.52%,94.6,5.4,43.1,0.4,30730,,,,
E07000090,Havant,E12000008,South East,70629,26582,44047,37.64,62.36,Leave,Predominantly Urban,22.3,2.6,4.92%,97,3,45.6,1.4,21485,,,,
E07000091,New Forest,E12000008,South East,111740,47199,64541,42.24,57.76,Leave,Urban with Significant Rural,27.2,2.0,2.82%,97.3,2.7,49.7,0.7,24418,,,,
E07000092,Rushmoor,E12000008,South East,48780,20384,28396,41.79,58.21,Leave,Predominantly Urban,24.7,3.4,7.45%,84.6,15.4,37.5,0.8,32527,,,,
E07000093,Test Valley,E12000008,South East,75261,36170,39091,48.06,51.94,Leave,Urban with Significant Rural,30.5,2.3,3.36%,95.8,4.2,44.7,0.6,27311,,,,
E07000094,Winchester,E12000008,South East,72764,42878,29886,58.93,41.07,Remain,Predominantly Rural,40.7,6.8,0.85%,95.5,4.5,43.1,0.5,39963,,,,
E07000095,Broxbourne,E12000006,East,50872,17166,33706,33.74,66.26,Leave,Predominantly Urban,19.2,3.3,5.21%,90.1,9.9,40.1,1.2,23372,,,,
E07000096,Dacorum,E12000006,East,86244,42542,43702,49.33,50.67,Leave,Urban with Significant Rural,30.9,2.8,8.00%,90.7,9.3,40.5,1.1,26512,,,,
E07000098,Hertsmere,E12000006,East,56125,27593,28532,49.16,50.84,Leave,Predominantly Urban,30.8,4.6,8.82%,84.9,15.1,40.4,1.2,31571,,,,
E07000099,North Hertfordshire,E12000006,East,77672,42234,35438,54.37,45.63,Remain,Urban with Significant Rural,34.4,2.7,2.29%,89.5,10.5,41.7,1.1,25889,,,,
E07000102,Three Rivers,E12000006,East,52848,25751,27097,48.73,51.27,Leave,Predominantly Urban,33.9,3.2,10.99%,86.1,13.9,41.4,0.9,32782,,,,
E07000103,Watford,E12000006,East,46586,23167,23419,49.73,50.27,Leave,Predominantly Urban,32.2,4.5,11.34%,71.9,28.1,36.1,1.3,39792,,,,
E07000105,Ashford,E12000008,South East,69786,28314,41472,40.57,59.43,Leave,Urban with Significant Rural,24.6,2.7,5.65%,93.2,6.8,41.8,1.4,23173,,,,
E07000106,Canterbury,E12000008,South East,82048,40169,41879,48.96,51.04,Leave,Predominantly Urban,27.3,14.6,5.77%,92.8,7.2,38.0,1.2,19066,,,,
E07000107,Dartford,E12000008,South East,55855,19985,35870,35.78,64.22,Leave,Predominantly Urban,22.0,2.9,13.59%,87.12,12.88,37.4,1.1,29495,,,,
E07000108,Dover,E12000008,South East,65016,24606,40410,37.85,62.15,Leave,Urban with Significant Rural,22.0,2.7,8.11%,96.5,3.5,46.1,1.9,15715,,,,
E07000109,Gravesham,E12000008,South East,54519,18876,35643,34.62,65.38,Leave,Predominantly Urban,20.0,3.0,13.21%,82.5,17.5,39.2,2.0,15082,,,,
E07000110,Maidstone,E12000008,South East,89127,36762,52365,41.25,58.75,Leave,Urban with Significant Rural,25.6,2.7,11.11%,93.6,6.4,41.5,1.2,22873,,,,
E07000111,Sevenoaks,E12000008,South East,70349,32091,38258,45.62,54.38,Leave,Predominantly Rural,32.0,2.4,5.93%,95.4,4.6,44.0,0.7,26469,,,,
E07000112,Shepway,E12000008,South East,60613,22884,37729,37.75,62.25,Leave,Urban with Significant Rural,21.8,2.9,1.85%,94.5,5.5,46.1,2.1,19130,,,,
E07000113,Swale,E12000008,South East,75869,28481,47388,37.54,62.46,Leave,Predominantly Rural,18.9,2.4,2.84%,96,4,41.5,2.1,18916,,,,
E07000114,Thanet,E12000008,South East,72102,26065,46037,36.15,63.85,Leave,Predominantly Urban,19.6,3.4,4.35%,95.4,4.6,44.4,3.3,15021,,,,
E07000115,Tonbridge and Malling,E12000008,South East,74021,32792,41229,44.3,55.7,Leave,Urban with Significant Rural,27.1,2.5,3.20%,95.6,4.4,42.3,0.9,28108,,,,
E07000116,Tunbridge Wells,E12000008,South East,64996,35676,29320,54.89,45.11,Remain,Urban with Significant Rural,34.6,2.9,7.02%,94.7,5.3,42.4,0.7,28256,,,,
E07000117,Burnley,E12000002,North West,43316,14462,28854,33.39,66.61,Leave,Predominantly Urban,18.7,3.4,4.65%,87.3,12.7,40.0,3.0,18495,,,,
E07000118,Chorley,E12000002,North West,63515,27417,36098,43.17,56.83,Leave,Urban with Significant Rural,27.8,2.6,4.55%,96.8,3.2,43.1,1.5,15873,,,,
E07000119,Fylde,E12000002,North West,46206,19889,26317,43.04,56.96,Leave,Predominantly Urban,29.8,2.6,5.26%,97.5,2.5,49.4,1.3,28900,,,,
E07000120,Hyndburn,E12000002,North West,40137,13569,26568,33.81,66.19,Leave,Predominantly Urban,18.9,3.6,8.86%,87.5,12.5,40.0,2.5,15995,,,,
E07000121,Lancaster,E12000002,North West,73041,35732,37309,48.92,51.08,Leave,Urban with Significant Rural,27.2,11.8,4.29%,95.4,4.6,39.7,1.8,18854,,,,
E07000122,Pendle,E12000002,North West,45335,16704,28631,36.85,63.15,Leave,Predominantly Urban,20.2,3.5,11.24%,79.8,20.2,39.5,2.2,15893,,,,
E07000123,Preston,E12000002,North West,64745,30227,34518,46.69,53.31,Leave,Predominantly Urban,24.6,10.6,9.35%,80.1,19.9,35.3,2.1,24215,,,,
E07000124,Ribble Valley,E12000002,North West,36442,15892,20550,43.61,56.39,Leave,Predominantly Rural,34.0,2.8,0.00%,97.8,2.2,47.2,0.7,31494,,,,
E07000125,Rossendale,E12000002,North West,38181,15012,23169,39.32,60.68,Leave,Predominantly Urban,25.1,3.1,2.90%,93.7,6.3,42.3,2.2,17059,,,,
E07000126,South Ribble,E12000002,North West,63724,26406,37318,41.44,58.56,Leave,Predominantly Urban,26.4,2.9,1.83%,97,3,43.9,1.3,25243,,,,
E07000127,West Lancashire,E12000002,North West,63869,28546,35323,44.69,55.31,Leave,Urban with Significant Rural,25.4,6.1,4.50%,98.1,1.9,44.2,1.9,20299,,,,
E07000128,Wyre,E12000002,North West,62979,22816,40163,36.23,63.77,Leave,Predominantly Rural,23.0,3.2,0.93%,98.2,1.8,48.8,1.5,14524,,,,
E07000129,Blaby,E12000004,East Midlands,56471,22888,33583,40.53,59.47,Leave,Predominantly Urban,24.9,2.9,2.08%,90.9,9.1,43.3,0.7,27350,,,,
E07000130,Charnwood,E12000004,East Midlands,94172,43500,50672,46.19,53.81,Leave,Predominantly Urban,26.8,11.4,8.00%,87.3,12.7,38.5,0.8,18222,,,,
E07000131,Harborough,E12000004,East Midlands,54878,27028,27850,49.25,50.75,Leave,Predominantly Rural,31.8,2.6,1.14%,95.2,4.8,45.5,0.5,23761,,,,
E07000132,Hinckley and Bosworth,E12000004,East Midlands,65470,25969,39501,39.67,60.33,Leave,Predominantly Rural,24.1,2.4,3.70%,96.4,3.6,44.8,1.0,21423,,,,
E07000133,Melton,E12000004,East Midlands,30305,12695,17610,41.89,58.11,Leave,Predominantly Rural,26.2,2.5,0.00%,97.9,2.1,46.1,0.9,24385,,,,
E07000134,North West Leicestershire,E12000004,East Midlands,57611,22642,34969,39.3,60.7,Leave,Predominantly Rural,24.3,2.8,3.13%,97.5,2.5,43.7,1.0,30204,,,,
E07000135,Oadby and Wigston,E12000004,East Midlands,31465,14292,17173,45.42,54.58,Leave,Predominantly Urban,24.8,7.8,3.64%,73,27,43.5,0.9,15945,,,,
E07000136,Boston,E12000004,East Midlands,30404,7430,22974,24.44,75.56,Leave,Urban with Significant Rural,15.1,2.1,25.76%,96.7,3.3,42.2,1.5,21447,,,,
E07000137,East Lindsey,E12000004,East Midlands,80128,23515,56613,29.35,70.65,Leave,Predominantly Rural,18.1,1.9,0.74%,98.4,1.6,51.2,1.7,16192,,,,
E07000138,Lincoln,E12000004,East Midlands,43894,18902,24992,43.06,56.94,Leave,Predominantly Urban,21.3,12.1,9.47%,95.5,4.5,33.9,2.5,24708,,,,
E07000139,North Kesteven,E12000004,East Midlands,67753,25570,42183,37.74,62.26,Leave,Predominantly Rural,25.4,2.2,0.91%,98.1,1.9,45.8,1.0,17748,,,,
E07000140,South Holland,E12000004,East Midlands,49497,13074,36423,26.41,73.59,Leave,Predominantly Rural,15.8,1.6,8.79%,97.7,2.3,45.8,1.2,18790,,,,
E07000141,South Kesteven,E12000004,East Midlands,82471,33047,49424,40.07,59.93,Leave,Predominantly Rural,25.6,2.2,7.25%,97.4,2.6,45.5,1.2,19144,,,,
E07000142,West Lindsey,E12000004,East Midlands,54753,20906,33847,38.18,61.82,Leave,Predominantly Rural,25.3,2.3,1.10%,98,2,47.3,2.1,15558,,,,
E07000143,Breckland,E12000006,East,73548,26313,47235,35.78,64.22,Leave,Predominantly Rural,18.6,2.0,14.29%,97.3,2.7,45.8,1.1,19761,,,,
E07000144,Broadland,E12000006,East,77737,35469,42268,45.63,54.37,Leave,Urban with Significant Rural,23.2,2.1,2.40%,97.7,2.3,47.5,0.7,21197,,,,
E07000145,Great Yarmouth,E12000006,East,50128,14284,35844,28.5,71.5,Leave,Urban with Significant Rural,14.2,2.5,11.22%,96.8,3.2,45.0,2.5,19340,,,,
E07000146,King's Lynn and West Norfolk,E12000006,East,85080,28587,56493,33.6,66.4,Leave,Predominantly Rural,19.1,2.1,8.05%,97.1,2.9,46.7,1.1,19050,,,,
E07000147,North Norfolk,E12000006,East,63790,26214,37576,41.09,58.91,Leave,Predominantly Rural,22.3,1.5,1.98%,98.6,1.4,53.0,0.9,18057,,,,
E07000148,Norwich,E12000006,East,66366,37326,29040,56.24,43.76,Remain,Predominantly Urban,27.7,11.6,16.67%,90.7,9.3,33.4,1.8,28130,,,,
E07000149,South Norfolk,E12000006,East,80358,38817,41541,48.31,51.69,Leave,Predominantly Rural,27.0,2.1,3.85%,97.4,2.6,46.1,0.7,20049,,,,
E07000150,Corby,E12000004,East Midlands,32081,11470,20611,35.75,64.25,Leave,Predominantly Urban,14.9,2.8,22.39%,95.5,4.5,37.1,2.1,20630,,,,
E07000151,Daventry,E12000004,East Midlands,49381,20443,28938,41.4,58.6,Leave,Predominantly Rural,28.8,2.4,5.13%,96.4,3.6,45.2,1.1,25149,,,,
E07000152,East Northamptonshire,E12000004,East Midlands,52574,21680,30894,41.24,58.76,Leave,Predominantly Rural,24.2,2.3,6.82%,96.6,3.4,44.1,1.0,14281,,,,
E07000153,Kettering,E12000004,East Midlands,53907,21030,32877,39.01,60.99,Leave,Predominantly Urban,23.3,2.4,7.22%,93.7,6.3,41.2,1.7,18952,,,,
E07000154,Northampton,E12000004,East Midlands,105259,43805,61454,41.62,58.38,Leave,Predominantly Urban,23.7,5.6,14.48%,84.4,15.6,36.7,2.0,26400,,,,
E07000155,South Northamptonshire,E12000004,East Midlands,56624,25853,30771,45.66,54.34,Leave,Predominantly Rural,31.1,2.2,1.14%,96.9,3.1,45.0,0.6,20850,,,,
E07000156,Wellingborough,E12000004,East Midlands,41141,15462,25679,37.58,62.42,Leave,Urban with Significant Rural,20.4,2.6,2.63%,87.2,12.8,41.8,1.9,26112,,,,
E07000163,Craven,E12000003,Yorkshire and The Humber,35891,16930,18961,47.17,52.83,Leave,Predominantly Rural,31.8,2.3,3.64%,97.3,2.7,49.3,0.7,26664,,,,
E07000164,Hambleton,E12000003,Yorkshire and The Humber,54982,25480,29502,46.34,53.66,Leave,Predominantly Rural,32.1,2.0,1.14%,98.2,1.8,48.4,0.7,23123,,,,
E07000165,Harrogate,E12000003,Yorkshire and The Humber,94585,48211,46374,50.97,49.03,Remain,Urban with Significant Rural,34.1,2.3,6.54%,96.3,3.7,46.7,0.7,24380,,,,
E07000166,Richmondshire,E12000003,Yorkshire and The Humber,27636,11945,15691,43.22,56.78,Leave,Predominantly Rural,27.0,1.6,8.16%,95.3,4.7,42.2,0.6,18237,,,,
E07000167,Ryedale,E12000003,Yorkshire and The Humber,32050,14340,17710,44.74,55.26,Leave,Predominantly Rural,27.3,1.9,0.00%,98.5,1.5,49.6,0.8,23164,,,,
E07000168,Scarborough,E12000003,Yorkshire and The Humber,60511,22999,37512,38.01,61.99,Leave,Urban with Significant Rural,22.7,3.6,5.66%,97.5,2.5,49.0,1.6,19443,,,,
E07000169,Selby,E12000003,Yorkshire and The Humber,51603,21071,30532,40.83,59.17,Leave,Predominantly Rural,26.1,2.2,3.53%,98.2,1.8,44.5,1.4,21858,,,,
E07000170,Ashfield,E12000004,East Midlands,66899,20179,46720,30.16,69.84,Leave,Predominantly Urban,15.1,2.4,0.81%,97.7,2.3,42.2,2.1,17720,,,,
E07000171,Bassetlaw,E12000004,East Midlands,63967,20575,43392,32.17,67.83,Leave,Predominantly Rural,20.2,2.4,5.36%,97.3,2.7,45.2,1.5,18703,,,,
E07000172,Broxtowe,E12000004,East Midlands,65426,29672,35754,45.35,54.65,Leave,Predominantly Urban,28.2,4.9,5.36%,92.7,7.3,43.1,1.4,17665,,,,
E07000173,Gedling,E12000004,East Midlands,67577,30035,37542,44.45,55.55,Leave,Predominantly Urban,25.3,2.8,6.03%,93,7,43.8,1.5,14441,,,,
E07000174,Mansfield,E12000004,East Midlands,56344,16417,39927,29.14,70.86,Leave,Predominantly Urban,16.4,2.5,10.48%,97.2,2.8,42.0,2.0,14986,,,,
E07000175,Newark and Sherwood,E12000004,East Midlands,67087,26571,40516,39.61,60.39,Leave,Predominantly Rural,24.2,2.8,5.13%,97.3,2.7,44.9,1.3,18709,,,,
E07000176,Rushcliffe,E12000004,East Midlands,70410,40522,29888,57.55,42.45,Remain,Predominantly Rural,39.0,5.0,3.54%,93.1,6.9,43.9,0.8,18873,,,,
E07000177,Cherwell,E12000008,South East,81836,40668,41168,49.69,50.31,Leave,Urban with Significant Rural,28.1,2.7,13.29%,92.1,7.9,40.9,0.6,31156,,,,
E07000178,Oxford,E12000008,South East,70337,49424,20913,70.27,29.73,Remain,Predominantly Urban,42.6,23.6,24.84%,77.6,22.4,30.1,0.9,41042,,,,
E07000179,South Oxfordshire,E12000008,South East,84110,46245,37865,54.98,45.02,Remain,Predominantly Rural,36.7,2.3,10.37%,96,4,44.0,0.5,28082,,,,
E07000180,Vale of White Horse,E12000008,South East,76654,43462,33192,56.7,43.3,Remain,Predominantly Rural,37.2,2.8,8.87%,94.8,5.2,42.8,0.6,31836,,,,
E07000181,West Oxfordshire,E12000008,South East,65671,35236,30435,53.66,46.34,Remain,Predominantly Rural,32.9,2.1,5.61%,96.7,3.3,43.8,0.5,26814,,,,
E07000187,Mendip,E12000009,South West,65455,33427,32028,51.07,48.93,Remain,Predominantly Rural,27.9,2.4,4.59%,97.7,2.3,46.0,1.0,20886,,,,
E07000188,Sedgemoor,E12000009,South West,68414,26545,41869,38.8,61.2,Leave,Predominantly Rural,22.1,2.4,3.36%,98.3,1.7,45.9,1.4,17673,,,,
E07000189,South Somerset,E12000009,South West,99467,42527,56940,42.75,57.25,Leave,Predominantly Rural,25.1,2.0,1.85%,98,2,46.7,0.9,20814,,,,
E07000190,Taunton Deane,E12000009,South West,65733,30944,34789,47.08,52.92,Leave,Urban with Significant Rural,28.1,2.9,6.31%,97,3,44.8,1.2,22486,,,,
E07000191,West Somerset,E12000009,South West,21734,8566,13168,39.41,60.59,Leave,Predominantly Rural,24.8,1.8,3.03%,98.7,1.3,54.6,0.8,20107,,,,
E07000192,Cannock Chase,E12000005,West Midlands,53578,16684,36894,31.14,68.86,Leave,Urban with Significant Rural,17.2,2.7,1.02%,97.7,2.3,42.5,1.1,16116,,,,
E07000193,East Staffordshire,E12000005,West Midlands,62116,22850,39266,36.79,63.21,Leave,Urban with Significant Rural,23.4,2.7,7.02%,90.4,9.6,41.9,1.0,22985,,,,
E07000194,Lichfield,E12000005,West Midlands,63278,26064,37214,41.19,58.81,Leave,Urban with Significant Rural,28.4,2.6,2.97%,96.8,3.2,45.9,0.7,21194,,,,
E07000195,Newcastle-under-Lyme,E12000005,West Midlands,68934,25477,43457,36.96,63.04,Leave,Predominantly Urban,22.5,7.7,3.17%,94.9,5.1,41.8,1.1,15027,,,,
E07000196,South Staffordshire,E12000005,West Midlands,66692,23444,43248,35.15,64.85,Leave,Urban with Significant Rural,25.1,2.8,1.83%,95.8,4.2,47.2,1.0,15042,,,,
E07000197,Stafford,E12000005,West Midlands,77484,34098,43386,44.01,55.99,Leave,Urban with Significant Rural,30.3,4.8,2.31%,94.9,5.1,44.7,0.8,18647,,,,
E07000198,Staffordshire Moorlands,E12000005,West Midlands,59760,21076,38684,35.27,64.73,Leave,Predominantly Rural,23.7,2.5,2.06%,98.6,1.4,47.5,0.7,14896,,,,
E07000199,Tamworth,E12000005,West Midlands,42129,13705,28424,32.53,67.47,Leave,Predominantly Urban,17.4,2.7,2.60%,97.3,2.7,40.9,0.8,16718,,,,
E07000200,Babergh,E12000006,East,55242,25309,29933,45.81,54.19,Leave,Predominantly Rural,25.8,2.0,7.95%,97.8,2.2,47.8,0.8,21133,,,,
E07000201,Forest Heath,E12000006,East,27951,9791,18160,35.03,64.97,Leave,Predominantly Rural,19.2,2.3,27.42%,91.7,8.3,36.6,0.7,21041,,,,
E07000202,Ipswich,E12000006,East,66353,27698,38655,41.74,58.26,Leave,Predominantly Urban,20.6,3.4,8.96%,88.8,11.2,37.6,2.0,24669,,,,
E07000203,Mid Suffolk,E12000006,East,61185,27391,33794,44.77,55.23,Leave,Predominantly Rural,26.4,2.0,0.00%,97.8,2.2,47.1,0.8,20366,,,,
E07000204,St Edmundsbury,E12000006,East,62210,26986,35224,43.38,56.62,Leave,Predominantly Rural,24.6,2.3,9.09%,96,4,43.7,1.0,27013,,,,
E07000205,Suffolk Coastal,E12000006,East,79184,37218,41966,47,53,Leave,Predominantly Rural,29.0,2.0,4.10%,96.5,3.5,49.3,0.6,24362,,,,
E07000206,Waveney,E12000006,East,65646,24356,41290,37.1,62.9,Leave,Urban with Significant Rural,17.9,2.1,1.75%,97.6,2.4,47.5,2.0,19068,,,,
E07000207,Elmbridge,E12000008,South East,77003,45841,31162,59.53,40.47,Remain,Predominantly Urban,43.9,2.9,18.18%,90.1,9.9,42.5,0.5,33510,,,,
E07000208,Epsom and Ewell,E12000008,South East,45303,23596,21707,52.08,47.92,Remain,Predominantly Urban,36.0,4.6,8.86%,85.7,14.3,41.1,0.6,25771,,,,
E07000209,Guildford,E12000008,South East,78613,44155,34458,56.17,43.83,Remain,Predominantly Urban,39.5,9.5,6.25%,90.5,9.5,37.4,0.6,36165,,,,
E07000210,Mole Valley,E12000008,South East,54796,29088,25708,53.08,46.92,Remain,Urban with Significant Rural,37.9,2.3,3.53%,94.9,5.1,46.5,0.5,37765,,,,
E07000211,Reigate and Banstead,E12000008,South East,81161,40181,40980,49.51,50.49,Leave,Predominantly Urban,34.0,2.6,7.75%,90.5,9.5,41.2,0.7,32993,,,,
E07000212,Runnymede,E12000008,South East,44294,20259,24035,45.74,54.26,Leave,Predominantly Urban,29.9,10.2,14.12%,88.7,11.3,38.5,0.5,45500,,,,
E07000213,Spelthorne,E12000008,South East,56609,22474,34135,39.7,60.3,Leave,Predominantly Urban,25.9,2.5,13.27%,87.097,12.903,41.5,0.8,27637,,,,
E07000214,Surrey Heath,E12000008,South East,52305,25638,26667,49.02,50.98,Leave,Predominantly Urban,34.5,2.6,6.98%,90,10,43.3,0.5,37450,,,,
E07000215,Tandridge,E12000008,South East,51420,24251,27169,47.16,52.84,Leave,Urban with Significant Rural,33.0,2.6,3.57%,93.5,6.5,44.0,0.6,25561,,,,
E07000216,Waverley,E12000008,South East,75942,44341,31601,58.39,41.61,Remain,Predominantly Rural,40.1,3.5,5.83%,95.9,4.1,44.3,0.5,29920,,,,
E07000217,Woking,E12000008,South East,55221,31007,24214,56.15,43.85,Remain,Predominantly Urban,38.4,3.3,7.07%,83.4,16.6,40.4,0.5,35823,,,,
E07000218,North Warwickshire,E12000005,West Midlands,37954,12569,25385,33.12,66.88,Leave,Predominantly Rural,19.8,2.4,3.23%,97.8,2.2,45.5,1.1,35493,,,,
E07000219,Nuneaton and Bedworth,E12000005,West Midlands,69831,23736,46095,33.99,66.01,Leave,Predominantly Urban,18.6,2.8,3.97%,91.3,8.7,41.6,1.7,15830,,,,
E07000220,Rugby,E12000005,West Midlands,58549,25350,33199,43.3,56.7,Leave,Predominantly Urban,28.2,2.6,8.82%,90.3,9.7,41.8,1.2,21479,,,,
E07000221,Stratford-on-Avon,E12000005,West Midlands,79158,38341,40817,48.44,51.56,Leave,Predominantly Rural,33.4,2.5,5.00%,97.2,2.8,48.2,0.3,32578,,,,
E07000222,Warwick,E12000005,West Midlands,81618,47976,33642,58.78,41.22,Remain,Predominantly Urban,38.4,8.8,8.63%,89.1,10.9,40.0,0.6,33660,,,,
E07000223,Adur,E12000008,South East,37229,16914,20315,45.43,54.57,Leave,Predominantly Urban,22.0,2.3,1.59%,95.7,4.3,45.0,1.2,18236,,,,
E07000224,Arun,E12000008,South East,91129,34193,56936,37.52,62.48,Leave,Predominantly Urban,22.8,2.6,2.61%,96.9,3.1,48.9,1.1,15980,,,,
E07000225,Chichester,E12000008,South East,71337,35011,36326,49.08,50.92,Leave,Predominantly Rural,32.4,4.4,3.48%,96.7,3.3,48.4,0.9,26334,,,,
E07000226,Crawley,E12000008,South East,53835,22388,31447,41.59,58.41,Leave,Predominantly Urban,21.5,3.0,21.62%,79.8,20.2,36.6,1.3,42924,,,,
E07000227,Horsham,E12000008,South East,85088,43785,41303,51.46,48.54,Remain,Predominantly Rural,32.6,2.3,5.26%,95.8,4.2,45.8,0.6,25731,,,,
E07000228,Mid Sussex,E12000008,South East,87528,46471,41057,53.09,46.91,Remain,Predominantly Urban,33.6,2.4,2.80%,95,5,43.4,0.4,24332,,,,
E07000229,Worthing,E12000008,South East,61366,28851,32515,47.01,52.99,Leave,Predominantly Urban,26.0,2.9,4.72%,93.7,6.3,44.6,1.1,23818,,,,
E07000234,Bromsgrove,E12000005,West Midlands,58815,26252,32563,44.63,55.37,Leave,Predominantly Urban,30.5,2.8,1.08%,95.7,4.3,45.5,1.0,20024,,,,
E07000235,Malvern Hills,E12000005,West Midlands,48497,23203,25294,47.84,52.16,Leave,Predominantly Rural,33.9,2.7,1.35%,97.4,2.6,50.0,0.9,18968,,,,
E07000236,Redditch,E12000005,West Midlands,45882,17303,28579,37.71,62.29,Leave,Predominantly Urban,20.7,3.3,8.33%,92,8,39.8,1.7,20883,,,,
E07000237,Worcester,E12000005,West Midlands,54239,25125,29114,46.32,53.68,Leave,Predominantly Urban,27.7,6.5,7.92%,93.3,6.7,37.9,1.5,25103,,,,
E07000238,Wychavon,E12000005,West Midlands,76389,32188,44201,42.14,57.86,Leave,Predominantly Rural,28.7,2.4,3.33%,97.5,2.5,47.6,0.9,21049,,,,
E07000239,Wyre Forest,E12000005,West Midlands,57632,21240,36392,36.85,63.15,Leave,Urban with Significant Rural,22.1,2.4,2.04%,96.9,3.1,46.0,1.2,15783,,,,
E07000240,St Albans,E12000006,East,86445,54208,32237,62.71,37.29,Remain,Predominantly Urban,46.3,3.4,7.59%,88.3,11.7,40.3,1.1,29160,,,,
E07000241,Welwyn Hatfield,E12000006,East,58610,27550,31060,47.01,52.99,Leave,Predominantly Urban,30.0,13.1,13.56%,83.9,16.1,35.3,1.1,31857,,,,
E07000242,East Hertfordshire,E12000006,East,85366,42372,42994,49.64,50.36,Leave,Urban with Significant Rural,33.5,2.7,4.90%,95.4,4.6,42.1,0.7,25233,,,,
E07000243,Stevenage,E12000006,East,45785,18659,27126,40.75,59.25,Leave,Predominantly Urban,22.1,3.5,5.81%,87.6,12.4,38.0,1.5,27823,,,,
E08000001,Bolton,E12000002,North West,138080,57589,80491,41.71,58.29,Leave,Predominantly Urban,22.2,4.3,7.83%,81.8,18.2,38.8,3.1,16763,,,,
E08000002,Bury,E12000002,North West,101028,46354,54674,45.88,54.12,Leave,Predominantly Urban,25.7,3.5,5.35%,89.1,10.9,40.6,2.5,16708,,,,
E08000003,Manchester,E12000002,North West,201814,121823,79991,60.36,39.64,Remain,Predominantly Urban,28.9,17.3,16.67%,66.5,33.5,30.0,2.9,32114,,,,
E08000004,Oldham,E12000002,North West,107403,42034,65369,39.14,60.86,Leave,Predominantly Urban,18.6,4.1,7.86%,77.5,22.5,37.0,3.2,15464,,,,
E08000005,Rochdale,E12000002,North West,103231,41217,62014,39.93,60.07,Leave,Predominantly Urban,19.4,4.0,9.43%,81.6,18.4,38.2,3.0,15617,,,,
E08000006,Salford,E12000002,North West,109815,47430,62385,43.19,56.81,Leave,Predominantly Urban,22.3,6.9,13.52%,90.1,9.9,35.2,3.0,23533,,,,
E08000007,Stockport,E12000002,North West,163489,85559,77930,52.33,47.67,Remain,Predominantly Urban,29.8,3.3,4.55%,92.1,7.9,42.6,1.9,21379,,,,
E08000008,Tameside,E12000002,North West,110947,43118,67829,38.86,61.14,Leave,Predominantly Urban,17.5,3.2,5.91%,90.9,9.1,40.5,2.8,15474,,,,
E08000009,Trafford,E12000002,North West,125311,72293,53018,57.69,42.31,Remain,Predominantly Urban,33.8,3.7,7.73%,85.5,14.5,40.5,1.7,32638,,,,
E08000010,Wigan,E12000002,North West,163273,58942,104331,36.1,63.9,Leave,Predominantly Urban,19.5,2.9,3.13%,97.2,2.8,42.1,2.7,14917,,,,
E08000011,Knowsley,E12000002,North West,70903,34345,36558,48.44,51.56,Leave,Predominantly Urban,15.5,3.9,2.05%,97.2,2.8,40.2,3.5,24806,,,,
E08000012,Liverpool,E12000002,North West,203554,118453,85101,58.19,41.81,Remain,Predominantly Urban,22.4,11.9,9.32%,88.9,11.1,35.0,3.6,22790,,,,
E08000013,St. Helens,E12000002,North West,93679,39322,54357,41.98,58.02,Leave,Predominantly Urban,20.9,3.1,2.27%,98,2,43.0,3.0,15821,,,,
E08000014,Sefton,E12000002,North West,147878,76702,71176,51.87,48.13,Remain,Predominantly Urban,24.1,3.7,2.97%,97.4,2.6,45.9,2.6,14769,,,,
E08000015,Wirral,E12000002,North West,172000,88931,83069,51.7,48.3,Remain,Predominantly Urban,25.3,3.2,2.83%,97,3,44.1,2.2,14523,,,,
E08000016,Barnsley,E12000003,Yorkshire and The Humber,122909,38951,83958,31.69,68.31,Leave,Predominantly Urban,17.4,2.6,4.62%,97.8,2.2,42.5,2.2,14619,,,,
E08000017,Doncaster,E12000003,Yorkshire and The Humber,151182,46922,104260,31.04,68.96,Leave,Predominantly Urban,17.0,2.6,6.33%,95.1,4.9,41.4,2.7,16889,,,,
E08000018,Rotherham,E12000003,Yorkshire and The Humber,137387,44115,93272,32.11,67.89,Leave,Predominantly Urban,17.4,2.7,3.09%,93.5,6.5,42.3,2.4,16754,,,,
E08000019,Sheffield,E12000003,Yorkshire and The Humber,266753,130735,136018,49.01,50.99,Leave,Predominantly Urban,25.7,12.2,8.47%,83.6,16.4,35.7,2.5,19833,,,,
E08000021,Newcastle upon Tyne,E12000001,North East,129003,65405,63598,50.7,49.3,Remain,Predominantly Urban,27.2,16.2,11.68%,85.4,14.6,32.8,2.6,26232,,,,
E08000022,North Tyneside,E12000001,North East,113462,52873,60589,46.6,53.4,Leave,Predominantly Urban,25.3,3.1,3.47%,96.6,3.4,43.3,2.4,20026,,,,
E08000023,South Tyneside,E12000001,North East,79079,30014,49065,37.95,62.05,Leave,Predominantly Urban,19.2,3.7,2.04%,95.9,4.1,43.6,4.3,14341,,,,
E08000024,Sunderland,E12000001,North East,134324,51930,82394,38.66,61.34,Leave,Predominantly Urban,18.2,5.1,2.18%,95.9,4.1,42.2,2.9,20728,,,,
E08000025,Birmingham,E12000005,West Midlands,450702,223451,227251,49.58,50.42,Leave,Predominantly Urban,23.0,9.5,13.65%,57.9,42.1,32.7,4.2,22307,,,,
E08000026,Coventry,E12000005,West Midlands,153064,67967,85097,44.4,55.6,Leave,Predominantly Urban,23.0,11.5,20.87%,73.8,26.2,32.8,1.9,22165,,,,
E08000027,Dudley,E12000005,West Midlands,175226,56780,118446,32.4,67.6,Leave,Predominantly Urban,19.2,3.0,3.50%,89.9,10.1,42.2,2.8,15762,,,,
E08000028,Sandwell,E12000005,West Midlands,147254,49004,98250,33.28,66.72,Leave,Predominantly Urban,15.4,4.3,11.29%,69.9,30.1,36.4,3.6,18302,,,,
E08000029,Solihull,E12000005,West Midlands,121950,53466,68484,43.84,56.16,Leave,Predominantly Urban,28.5,3.1,5.74%,89.1,10.9,43.6,1.6,31705,,,,
E08000030,Walsall,E12000005,West Midlands,135579,43572,92007,32.14,67.86,Leave,Predominantly Urban,16.9,3.8,6.55%,78.8,21.2,38.5,2.8,17257,,,,
E08000031,Wolverhampton,E12000005,West Midlands,117936,44138,73798,37.43,62.57,Leave,Predominantly Urban,19.5,5.6,13.10%,67.9,32.1,37.8,4.1,18179,,,,
E08000032,Bradford,E12000003,Yorkshire and The Humber,228488,104575,123913,45.77,54.23,Leave,Predominantly Urban,21.8,5.6,8.14%,67.4,32.6,35.8,2.7,17892,,,,
E08000033,Calderdale,E12000003,Yorkshire and The Humber,105925,46950,58975,44.32,55.68,Leave,Predominantly Urban,25.0,3.2,4.83%,89.6,10.4,41.9,2.0,20950,,,,
E08000034,Kirklees,E12000003,Yorkshire and The Humber,217240,98485,118755,45.33,54.67,Leave,Predominantly Urban,23.9,5.5,6.25%,79.1,20.9,39.1,2.0,16594,,,,
E08000035,Leeds,E12000003,Yorkshire and The Humber,387337,194863,192474,50.31,49.69,Remain,Predominantly Urban,26.9,9.7,9.35%,85,15,35.5,2.2,27466,,,,
E08000036,Wakefield,E12000003,Yorkshire and The Humber,175042,58877,116165,33.64,66.36,Leave,Predominantly Urban,18.3,2.4,5.15%,95.3,4.7,42.2,1.9,19837,,,,
E08000037,Gateshead,E12000001,North East,102958,44429,58529,43.15,56.85,Leave,Predominantly Urban,21.5,3.9,5.03%,96.2,3.8,41.4,2.6,21661,,,,
E09000001,City of London,E12000007,London,4399,3312,1087,75.29,24.71,Remain,Predominantly Urban,68.4,6.2,32.93%,78.6,21.4,38.7,0.9,5333112,,,,
E09000002,Barking and Dagenham,E12000007,London,73880,27750,46130,37.56,62.44,Leave,Predominantly Urban,20.9,7.2,22.44%,58.2,41.8,32.1,2.5,16514,,,,
E09000003,Barnet,E12000007,London,161033,100210,60823,62.23,37.77,Remain,Predominantly Urban,40.3,7.3,23.36%,64.1,35.9,36.3,1.5,24760,,,,
E09000004,Bexley,E12000007,London,128489,47603,80886,37.05,62.95,Leave,Predominantly Urban,21.8,4.5,11.16%,81.6,18.4,38.6,1.3,21255,,,,
E09000005,Brent,E12000007,London,121404,72523,48881,59.74,40.26,Remain,Predominantly Urban,33.3,9.1,32.00%,36.2,63.8,34.6,2.3,24630,,,,
E09000006,Bromley,E12000007,London,182432,92398,90034,50.65,49.35,Remain,Predominantly Urban,33.1,3.4,12.04%,84.1,15.9,40.5,1.0,21907,,,,
E09000007,Camden,E12000007,London,95133,71295,23838,74.94,25.06,Remain,Predominantly Urban,50.5,13.6,23.97%,66.2,33.8,34.0,1.6,109694,,,,
E09000008,Croydon,E12000007,London,171134,92913,78221,54.29,45.71,Remain,Predominantly Urban,31.8,5.9,18.21%,55,45,36.8,1.6,19481,,,,
E09000009,Ealing,E12000007,London,149041,90024,59017,60.4,39.6,Remain,Predominantly Urban,37.0,7.6,32.94%,48.9,51.1,35.9,2.2,26465,,,,
E09000010,Enfield,E12000007,London,136906,76425,60481,55.82,44.18,Remain,Predominantly Urban,28.7,7.0,19.45%,60.9,39.1,35.5,2.2,20091,,,,
E09000011,Greenwich,E12000007,London,117365,65248,52117,55.59,44.41,Remain,Predominantly Urban,33.2,8.8,24.82%,62.3,37.7,34.2,2.2,16890,,,,
E09000012,Hackney,E12000007,London,106266,83398,22868,78.48,21.52,Remain,Predominantly Urban,41.8,9.0,24.07%,54.5,45.5,32.3,2.6,26970,,,,
E09000013,Hammersmith and Fulham,E12000007,London,80242,56188,24054,70.02,29.98,Remain,Predominantly Urban,49.6,9.0,27.93%,68,32,34.5,2.3,55434,,,,
E09000014,Haringey,E12000007,London,105846,79991,25855,75.57,24.43,Remain,Predominantly Urban,40.8,8.5,27.47%,60.4,39.6,34.2,2.5,21212,,,,
E09000015,Harrow,E12000007,London,117225,64042,53183,54.63,45.37,Remain,Predominantly Urban,36.8,6.8,29.55%,42.2,57.8,37.4,1.2,22155,,,,
E09000016,Havering,E12000007,London,139086,42201,96885,30.34,69.66,Leave,Predominantly Urban,19.4,3.4,6.43%,87.6,12.4,39.7,1.5,20311,,,,
E09000017,Hillingdon,E12000007,London,133022,58040,74982,43.63,56.37,Leave,Predominantly Urban,28.0,8.9,18.46%,60.5,39.5,35.3,1.4,41306,,,,
E09000018,Hounslow,E12000007,London,115076,58755,56321,51.06,48.94,Remain,Predominantly Urban,34.6,7.4,27.31%,51.3,48.7,35.2,1.0,39219,,,,
E09000019,Islington,E12000007,London,101600,76420,25180,75.22,24.78,Remain,Predominantly Urban,48.1,10.7,23.35%,68.1,31.9,32.0,2.1,74851,,,,
E09000020,Kensington and Chelsea,E12000007,London,54739,37601,17138,68.69,31.31,Remain,Predominantly Urban,52.7,8.3,39.10%,70.5,29.5,38.5,1.4,70390,,,,
E09000021,Kingston upon Thames,E12000007,London,85270,52533,32737,61.61,38.39,Remain,Predominantly Urban,41.4,10.2,17.24%,74.4,25.6,36.2,1.0,27809,,,,
E09000022,Lambeth,E12000007,London,141924,111584,30340,78.62,21.38,Remain,Predominantly Urban,46.6,7.7,22.29%,57,43,32.6,2.5,34723,,,,
E09000023,Lewisham,E12000007,London,124473,86955,37518,69.86,30.14,Remain,Predominantly Urban,38.0,8.5,22.48%,53.5,46.5,34.4,2.5,16511,,,,
E09000024,Merton,E12000007,London,100100,63003,37097,62.94,37.06,Remain,Predominantly Urban,41.1,6.0,27.80%,64.8,35.2,36.3,1.4,24651,,,,
E09000025,Newham,E12000007,London,104699,55328,49371,52.84,47.16,Remain,Predominantly Urban,30.1,14.9,34.93%,28.8,71.2,31.1,1.9,19524,,,,
E09000026,Redbridge,E12000007,London,128233,69213,59020,53.97,46.03,Remain,Predominantly Urban,33.9,7.6,21.48%,42.5,57.5,34.9,1.3,17274,,,,
E09000027,Richmond upon Thames,E12000007,London,108806,75396,33410,69.29,30.71,Remain,Predominantly Urban,53.0,4.9,15.31%,85.9,14.1,39.9,1.0,34145,,,,
E09000028,Southwark,E12000007,London,129502,94293,35209,72.81,27.19,Remain,Predominantly Urban,43.1,11.5,26.45%,54.1,45.9,32.9,2.0,48349,,,,
E09000029,Sutton,E12000007,London,106560,49319,57241,46.28,53.72,Leave,Predominantly Urban,30.1,3.7,15.50%,78.5,21.5,38.8,0.6,21049,,,,
E09000030,Tower Hamlets,E12000007,London,108235,73011,35224,67.46,32.54,Remain,Predominantly Urban,41.0,12.1,22.82%,45.1,54.9,30.6,2.3,98134,,,,
E09000031,Waltham Forest,E12000007,London,108551,64156,44395,59.1,40.9,Remain,Predominantly Urban,30.0,8.3,25.74%,52.1,47.9,34.2,2.3,16812,,,,
E09000032,Wandsworth,E12000007,London,157884,118463,39421,75.03,24.97,Remain,Predominantly Urban,53.6,6.8,25.80%,71.4,28.6,33.5,1.4,30216,,,,
E09000033,Westminster,E12000007,London,78196,53928,24268,68.97,31.03,Remain,Predominantly Urban,50.3,10.0,32.93%,61.6,38.4,35.5,1.5,221103,,,,
S12000005,Clackmannanshire,S92000003,Scotland,25427,14691,10736,57.78,42.22,Remain,,21.9,3.1,,98.3,1.7,44.2,2.5,15800,,,,
S12000006,Dumfries and Galloway,S92000003,Scotland,82667,43864,38803,53.06,46.94,Remain,,21.5,2.1,,98.8,1.2,48.5,1.6,18720,,,,
S12000008,East Ayrshire,S92000003,Scotland,57833,33891,23942,58.6,41.4,Remain,,17.9,3.7,,98.8,1.2,44.1,3.0,15538,,,,
S12000010,East Lothian,S92000003,Scotland,55764,36026,19738,64.6,35.4,Remain,,27.0,3.8,,98.3,1.7,44.2,1.4,14827,,,,
S12000011,East Renfrewshire,S92000003,Scotland,52941,39345,13596,74.32,25.68,Remain,,35.2,5.4,,94.1,5.9,43.7,1.1,12684,,,,
S12000013,Eilean Siar,S92000003,Scotland,14903,8232,6671,55.24,44.76,Remain,,26.4,2.1,,99.1,0.9,48.2,2.0,16989,,,,
S12000014,Falkirk,S92000003,Scotland,79258,44987,34271,56.76,43.24,Remain,,20.2,3.0,,98,2,42.8,2.1,18353,,,,
S12000015,Fife,S92000003,Scotland,182220,106754,75466,58.59,41.41,Remain,,23.8,5.6,,97.5,2.5,43.4,2.4,18162,,,,
S12000017,Highland,S92000003,Scotland,125657,70308,55349,55.95,44.05,Remain,,26.4,2.0,,98.5,1.5,45.7,1.5,22525,,,,
S12000018,Inverclyde,S92000003,Scotland,38698,24688,14010,63.8,36.2,Remain,,19.7,4.7,,98.6,1.4,45.4,2.9,18788,,,,
S12000019,Midlothian,S92000003,Scotland,45468,28217,17251,62.06,37.94,Remain,,21.1,3.0,,98.1,1.9,42.2,1.6,15482,,,,
S12000020,Moray,S92000003,Scotland,48106,24114,23992,50.13,49.87,Remain,,22.7,2.3,,98.8,1.2,44.3,1.7,20624,,,,
S12000021,North Ayrshire,S92000003,Scotland,67504,38394,29110,56.88,43.12,Remain,,19.6,3.9,,98.9,1.1,45.6,4.0,14869,,,,
S12000023,Orkney Islands,S92000003,Scotland,11382,7189,4193,63.16,36.84,Remain,,26.5,1.5,,99.3,0.7,47.1,0.7,20561,,,,
S12000024,Perth and Kinross,S92000003,Scotland,81255,49641,31614,61.09,38.91,Remain,,30.4,2.9,,97.7,2.3,46.1,1.1,22680,,,,
S12000026,Scottish Borders,S92000003,Scotland,64914,37952,26962,58.47,41.53,Remain,,27.0,2.6,,98.7,1.3,48.1,1.6,17196,,,,
S12000027,Shetland Islands,S92000003,Scotland,12222,6907,5315,56.51,43.49,Remain,,26.6,1.5,,98.4,1.6,43.1,0.8,27144,,,,
S12000028,South Ayrshire,S92000003,Scotland,61506,36265,25241,58.96,41.04,Remain,,25.1,3.6,,98.7,1.3,47.9,2.2,21919,,,,
S12000029,South Lanarkshire,S92000003,Scotland,162592,102568,60024,63.08,36.92,Remain,,22.0,3.8,,97.6,2.4,43.8,2.1,18291,,,,
S12000030,Stirling,S92000003,Scotland,48899,33112,15787,67.72,32.28,Remain,,33.3,9.4,,96.8,3.2,41.9,1.5,22313,,,,
S12000033,Aberdeen City,S92000003,Scotland,104714,63985,40729,61.1,38.9,Remain,,33.2,11.9,,91.8,8.2,36.3,2.1,47006,,,,
S12000034,Aberdeenshire,S92000003,Scotland,138961,76445,62516,55.01,44.99,Remain,,27.0,2.7,,98.4,1.6,43.0,1.5,27687,,,,
S12000035,Argyll and Bute,S92000003,Scotland,48696,29494,19202,60.57,39.43,Remain,,28.9,2.1,,98.6,1.4,48.5,1.6,19980,,,,
S12000036,City of Edinburgh,S92000003,Scotland,252294,187796,64498,74.44,25.56,Remain,,41.4,12.3,,91.6,8.4,36.3,1.5,36963,,,,
S12000038,Renfrewshire,S92000003,Scotland,88129,57119,31010,64.81,35.19,Remain,,23.1,5.0,,97.2,2.8,43.2,2.5,22457,,,,
S12000039,West Dunbartonshire,S92000003,Scotland,43220,26794,16426,61.99,38.01,Remain,,16.5,4.1,,98.3,1.7,43.0,3.5,17961,,,,
S12000040,West Lothian,S92000003,Scotland,88508,51560,36948,58.25,41.75,Remain,,21.5,3.2,,97.5,2.5,40.7,1.7,20040,,,,
S12000041,Angus,S92000003,Scotland,59258,32747,26511,55.26,44.74,Remain,,23.6,3.3,,98.5,1.5,46.1,2.0,16844,,,,
S12000042,Dundee City,S92000003,Scotland,66385,39688,26697,59.78,40.22,Remain,,24.8,13.0,,94,6,37.2,3.4,21795,,,,
S12000044,North Lanarkshire,S92000003,Scotland,154949,95549,59400,61.66,38.34,Remain,,17.2,3.9,,97.9,2.1,41.2,2.7,19039,,,,
S12000045,East Dunbartonshire,S92000003,Scotland,62374,44534,17840,71.4,28.6,Remain,,34.8,5.0,,95.8,4.2,46.0,1.1,13985,,,,
S12000046,Glasgow City,S92000003,Scotland,252809,168335,84474,66.59,33.41,Remain,,25.9,10.8,,88.4,11.6,35.7,3.2,32364,,,,
W06000001,Isle of Anglesey,W92000004,Wales,37951,18618,19333,49.06,50.94,Leave,,26.1,3.4,1.45%,98.1,1.9,47.2,3.0,13411,,,,
W06000002,Gwynedd,W92000004,Wales,61182,35517,25665,58.05,41.95,Remain,,26.4,8.9,3.31%,96.3,3.7,43.2,1.9,18855,,,,
W06000003,Conwy,W92000004,Wales,65504,30147,35357,46.02,53.98,Leave,,25.5,3.1,3.51%,97.6,2.4,48.7,2.1,15568,,,,
W06000004,Denbighshire,W92000004,Wales,52072,23955,28117,46,54,Leave,,24.2,3.4,2.13%,97.3,2.7,45.9,2.1,16482,,,,
W06000005,Flintshire,W92000004,Wales,86797,37867,48930,43.63,56.37,Leave,,22.4,2.9,3.90%,98.4,1.6,43.6,1.6,23648,,,,
W06000006,Wrexham,W92000004,Wales,70366,28822,41544,40.96,59.04,Leave,,22.8,4.3,5.15%,96.8,3.2,41.7,1.8,18683,,,,
W06000008,Ceredigion,W92000004,Wales,39742,21711,18031,54.63,45.37,Remain,,27.9,15.3,5.33%,96.6,3.4,44.7,1.0,16849,,,,
W06000009,Pembrokeshire,W92000004,Wales,68522,29367,39155,42.86,57.14,Leave,,24.8,2.4,2.46%,97.7,2.3,47.2,2.2,15905,,,,
W06000010,Carmarthenshire,W92000004,Wales,103035,47654,55381,46.25,53.75,Leave,,23.9,3.3,5.46%,97.9,2.1,45.7,1.9,15159,,,,
W06000011,Swansea,W92000004,Wales,120243,58307,61936,48.49,51.51,Leave,,25.8,9.4,6.25%,94,6,39.9,2.3,18577,,,,
W06000012,Neath Port Talbot,W92000004,Wales,75652,32651,43001,43.16,56.84,Leave,,18.8,2.9,1.43%,98,2,43.4,2.4,15191,,,,
W06000013,Bridgend,W92000004,Wales,74345,33723,40622,45.36,54.64,Leave,,22.6,2.9,2.14%,97.7,2.3,43.0,2.1,19560,,,,
W06000014,Vale of Glamorgan,W92000004,Wales,72309,36681,35628,50.73,49.27,Remain,,29.8,3.2,3.17%,96.4,3.6,43.6,1.7,15894,,,,
W06000015,Cardiff,W92000004,Wales,169604,101788,67816,60.02,39.98,Remain,,32.3,12.8,7.04%,84.5,15.5,33.6,2.3,25243,,,,
W06000016,Rhondda Cynon Taf,W92000004,Wales,116563,53973,62590,46.3,53.7,Leave,,19.6,5.2,1.69%,97.3,2.7,40.7,2.4,15431,,,,
W06000018,Caerphilly,W92000004,Wales,92473,39178,53295,42.37,57.63,Leave,,18.7,3.0,1.68%,98.3,1.7,41.5,3.0,13415,,,,
W06000019,Blaenau Gwent,W92000004,Wales,34802,13215,21587,37.97,62.03,Leave,,15.2,2.9,1.45%,98.4,1.6,42.8,3.8,10980,,,,
W06000020,Torfaen,W92000004,Wales,48144,19363,28781,40.22,59.78,Leave,,20.3,2.9,3.30%,97.8,2.2,42.6,2.4,16250,,,,
W06000021,Monmouthshire,W92000004,Wales,55630,28061,27569,50.44,49.56,Remain,,33.1,2.5,2.20%,98,2,48.1,1.1,20418,,,,
W06000022,Newport,W92000004,Wales,73649,32413,41236,44.01,55.99,Leave,,23.4,5.1,8.84%,89.8,10.2,39.0,3.1,20851,,,,
W06000023,Powys,W92000004,Wales,79469,36762,42707,46.26,53.74,Leave,,26.3,2.1,3.05%,98.3,1.7,49.1,1.0,16971,,,,
W06000024,Merthyr Tydfil,W92000004,Wales,28865,12574,16291,43.56,56.44,Leave,,17.8,3.6,3.39%,97.5,2.5,40.6,2.7,15420,,,,
